fault,detector,rank,channel,contribution
1,SPE,1,xmeas_4,14.961630961662054
1,SPE,2,xmv_4,8.21870744904118
1,SPE,3,xmeas_38,8.100063242978928
1,SPE,4,xmeas_21,7.292041691499342
1,SPE,5,xmeas_33,3.248392308317051
1,ridge,1,xmeas_1,10267.49788512931
1,ridge,2,xmv_3,10259.833944887336
1,ridge,3,xmeas_16,155.25691607010307
1,ridge,4,xmeas_19,85.10265256401676
1,ridge,5,xmeas_7,77.01115798371099
2,SPE,1,xmeas_25,3.3505270911827703
2,SPE,2,xmeas_20,3.214737186081736
2,SPE,3,xmeas_4,2.663457235852732
2,SPE,4,xmeas_23,2.6003204968844225
2,SPE,5,xmeas_22,2.4639800475922042
2,ridge,1,xmeas_10,8255.526258706994
2,ridge,2,xmv_6,8151.934233371937
2,ridge,3,xmeas_1,883.4265430714701
2,ridge,4,xmv_3,877.21263915413
2,ridge,5,xmeas_34,488.97052189196137
4,SPE,1,xmv_10,13.634187118939794
4,SPE,2,xmeas_9,11.691198087669392
4,SPE,3,xmeas_33,0.5036442867538932
4,SPE,4,xmeas_25,0.44262415479650863
4,SPE,5,xmeas_29,0.4266919755901502
4,ridge,1,xmv_10,120.74126015831544
4,ridge,2,xmeas_9,5.64244367308653
4,ridge,3,xmv_3,1.3064734708469439
4,ridge,4,xmeas_1,1.3053003969474373
4,ridge,5,xmeas_26,1.1129818673513197
5,SPE,1,xmeas_38,7.597230006762565
5,SPE,2,xmeas_4,2.392150372799769
5,SPE,3,xmv_4,1.3388889555784056
5,SPE,4,xmeas_11,1.1481337365046471
5,SPE,5,xmeas_33,1.090543456772215
5,ridge,1,xmeas_1,6050.554033180592
5,ridge,2,xmv_3,6028.181238167082
5,ridge,3,xmeas_10,1449.972310040339
5,ridge,4,xmv_6,1369.9649216992477
5,ridge,5,xmeas_30,179.48228773138544
6,SPE,1,xmv_5,3744.332949169796
6,SPE,2,xmv_10,1546.8078189029643
6,SPE,3,xmeas_9,1372.1227935876784
6,SPE,4,xmeas_20,594.2521723136152
6,SPE,5,xmeas_1,365.08292619794855
6,ridge,1,xmeas_1,318638.93438558513
6,ridge,2,xmv_3,234049.54252197643
6,ridge,3,xmeas_10,61638.49407419201
6,ridge,4,xmv_6,51690.64010875143
6,ridge,5,xmv_5,42114.67934048749
7,SPE,1,xmeas_4,20.195518228057296
7,SPE,2,xmv_4,10.65539048208018
7,SPE,3,xmeas_38,4.6337764346095955
7,SPE,4,xmeas_35,3.1430605356916557
7,SPE,5,xmeas_20,1.7911208982677012
7,ridge,1,xmv_4,153.96732594973258
7,ridge,2,xmeas_18,43.47660399468977
7,ridge,3,xmeas_19,39.76830833146523
7,ridge,4,xmv_3,35.01299432744266
7,ridge,5,xmeas_1,34.93211201419035
8,SPE,1,xmeas_20,5.410536640088655
8,SPE,2,xmeas_23,5.04182163108134
8,SPE,3,xmeas_38,4.92111121959961
8,SPE,4,xmeas_16,4.047905435731368
8,SPE,5,xmv_5,3.4387967175264764
8,ridge,1,xmeas_1,663.2431139058197
8,ridge,2,xmv_3,662.2067919981539
8,ridge,3,xmeas_10,308.7596780357602
8,ridge,4,xmv_6,299.90614047792576
8,ridge,5,xmeas_18,55.913007278074964
10,SPE,1,xmeas_18,4.974293249876169
10,SPE,2,xmeas_38,2.5536375806395077
10,SPE,3,xmeas_19,2.5036369630542916
10,SPE,4,xmv_9,0.736104275632043
10,SPE,5,xmeas_33,0.5478913677914268
10,ridge,1,xmeas_18,496.6291728200997
10,ridge,2,xmeas_21,28.202874168500568
10,ridge,3,xmv_9,25.932921502033757
10,ridge,4,xmeas_16,22.028691744301405
10,ridge,5,xmv_3,14.783439251873682
11,SPE,1,xmv_10,16.516111728074648
11,SPE,2,xmeas_9,14.255391711951772
11,SPE,3,xmeas_33,0.5697391354149108
11,SPE,4,xmeas_25,0.5135226457470372
11,SPE,5,xmeas_38,0.4754839522453435
11,ridge,1,xmv_10,196.75108872220963
11,ridge,2,xmeas_9,58.762694060416635
11,ridge,3,xmeas_21,2.64495345976367
11,ridge,4,xmeas_18,2.202254829925747
11,ridge,5,xmeas_7,1.780771253332502
12,SPE,1,xmeas_38,13.719324728529042
12,SPE,2,xmeas_4,5.2056559942275555
12,SPE,3,xmeas_11,4.775656178131695
12,SPE,4,xmeas_20,3.4154449715083706
12,SPE,5,xmv_4,2.8444736000813227
12,ridge,1,xmeas_1,687.4695526279501
12,ridge,2,xmv_3,685.4173161738318
12,ridge,3,xmeas_10,156.78942644650647
12,ridge,4,xmv_6,147.07398693280263
12,ridge,5,xmeas_18,129.14308488690034
13,SPE,1,xmeas_38,38.573775823720055
13,SPE,2,xmeas_16,24.852604642394095
13,SPE,3,xmeas_33,15.994797713580033
13,SPE,4,xmeas_7,15.162987559947945
13,SPE,5,xmeas_31,14.656740649729477
13,ridge,1,xmeas_1,395.3302514050292
13,ridge,2,xmv_3,394.8749336027018
13,ridge,3,xmeas_18,273.6971607554719
13,ridge,4,xmeas_19,191.363770678166
13,ridge,5,xmeas_21,110.18997286168198
14,SPE,1,xmeas_21,49.867265528273336
14,SPE,2,xmeas_2,12.941081006928941
14,SPE,3,xmv_1,12.654110813052753
14,SPE,4,xmeas_22,2.1916386973108044
14,SPE,5,xmeas_11,1.2342326472032765
14,ridge,1,xmeas_21,121.84715352309648
14,ridge,2,xmeas_9,77.19003388497786
14,ridge,3,xmv_10,70.0808888507839
14,ridge,4,xmeas_1,1.6083253184805368
14,ridge,5,xmv_3,1.6035394356389163
16,SPE,1,xmv_9,4.936387603104183
16,SPE,2,xmeas_19,2.0196287507089523
16,SPE,3,xmeas_18,1.4845314647470595
16,SPE,4,xmeas_38,1.4208530427533987
16,SPE,5,xmeas_33,0.6227826220904376
16,ridge,1,xmeas_19,271.9777429135156
16,ridge,2,xmeas_18,260.5262580776611
16,ridge,3,xmv_9,80.31367652291155
16,ridge,4,xmv_3,12.600900022200108
16,ridge,5,xmeas_1,11.864685271199013
17,SPE,1,xmeas_21,712.3625221529365
17,SPE,2,xmeas_2,180.23911764336495
17,SPE,3,xmv_1,178.0508993697693
17,SPE,4,xmeas_22,29.745303896479076
17,SPE,5,xmv_10,26.224472351614608
17,ridge,1,xmeas_21,15600.167294534811
17,ridge,2,xmeas_9,610.3680232569956
17,ridge,3,xmeas_1,320.8665646942826
17,ridge,4,xmv_3,315.8165754724916
17,ridge,5,xmeas_20,184.8997858622808
18,SPE,1,xmv_5,878.7456616175921
18,SPE,2,xmv_10,360.7825234849064
18,SPE,3,xmeas_9,313.04009071680497
18,SPE,4,xmv_1,193.7062637386081
18,SPE,5,xmeas_4,110.02229121020667
18,ridge,1,xmeas_1,27542.477434818386
18,ridge,2,xmv_3,27391.385143489733
18,ridge,3,xmeas_19,11982.186030064318
18,ridge,4,xmeas_10,10326.19708503443
18,ridge,5,xmeas_18,10277.23043309591
19,SPE,1,xmv_5,3.314513468577758
19,SPE,2,xmeas_38,1.7387202179074108
19,SPE,3,xmeas_33,0.9040724117669752
19,SPE,4,xmeas_23,0.8024682811108153
19,SPE,5,xmeas_21,0.7981195403075407
19,ridge,1,xmv_5,20.93892220485798
19,ridge,2,xmeas_19,11.160904583901873
19,ridge,3,xmeas_18,10.905379251610558
19,ridge,4,xmeas_13,6.760075918487848
19,ridge,5,xmeas_20,6.745920411287486
20,SPE,1,xmv_5,32.740638483864146
20,SPE,2,xmeas_20,8.557251822272217
20,SPE,3,xmeas_7,5.093274140804584
20,SPE,4,xmeas_23,4.182060620452474
20,SPE,5,xmeas_29,3.6670033299860734
20,ridge,1,xmeas_13,296.7858338576474
20,ridge,2,xmv_5,187.41946841894222
20,ridge,3,xmeas_20,126.48111598445169
20,ridge,4,xmeas_1,85.6538271888462
20,ridge,5,xmv_3,83.97693560353517
