fault,detector,detection_rate,median_delay_min,runs_missed
0,SPE,0.0,,
0,T2,0.0005200000000000001,,
0,ridge,0.0,,
1,SPE,0.991875,15.0,0
1,T2,0.9854166666666668,25.5,0
1,ridge,0.9935416666666669,12.0,0
2,SPE,0.9589583333333331,57.0,0
2,T2,0.9728125000000001,39.0,0
2,ridge,0.9651041666666667,51.0,0
3,SPE,0.0,,20
3,T2,0.00020833333333333332,231.0,19
3,ridge,0.0,,20
4,SPE,0.9941666666666666,12.0,0
4,T2,0.09135416666666665,64.5,0
4,ridge,0.9688541666666668,9.0,0
5,SPE,0.12541666666666668,15.0,0
5,T2,0.33156250000000004,9.0,0
5,ridge,0.9958333333333333,9.0,0
6,SPE,0.9958333333333333,9.0,0
6,T2,0.9787500000000001,33.0,0
6,ridge,0.9958333333333333,9.0,0
7,SPE,0.9958333333333333,9.0,0
7,T2,0.9959374999999999,9.0,0
7,ridge,0.9958333333333333,9.0,0
8,SPE,0.821875,67.5,0
8,T2,0.9418750000000001,70.5,0
8,ridge,0.9544791666666665,52.5,0
9,SPE,0.0,,20
9,T2,0.00010416666666666666,231.0,19
9,ridge,0.0,,20
10,SPE,0.1765625,177.0,0
10,T2,0.08489583333333334,471.0,0
10,ridge,0.6976041666666667,67.5,0
11,SPE,0.4336458333333334,40.5,0
11,T2,0.2577083333333333,43.5,0
11,ridge,0.4535416666666666,33.0,0
12,SPE,0.8671875,48.0,0
12,T2,0.9440624999999999,37.5,0
12,ridge,0.9568749999999999,30.0,0
13,SPE,0.8933333333333333,136.5,0
13,T2,0.8844791666666666,159.0,0
13,ridge,0.9017708333333333,138.0,0
14,SPE,0.7838541666666666,13.5,0
14,T2,0.978125,12.0,0
14,ridge,0.9954166666666667,9.0,0
15,SPE,0.0,,20
15,T2,0.00020833333333333332,231.0,19
15,ridge,0.0,,20
16,SPE,0.10114583333333334,156.0,0
16,T2,0.019375,690.0,3
16,ridge,0.7118749999999999,45.0,0
17,SPE,0.8678125,118.5,0
17,T2,0.6659375000000001,138.0,0
17,ridge,0.866875,118.5,0
18,SPE,0.8843749999999998,151.5,0
18,T2,0.8708333333333333,175.5,0
18,ridge,0.8927083333333334,141.0,0
19,SPE,0.003333333333333334,610.5,6
19,T2,0.009895833333333335,471.0,0
19,ridge,0.029166666666666667,121.5,0
20,SPE,0.43218750000000006,165.0,0
20,T2,0.13625,186.0,0
20,ridge,0.6351041666666667,151.5,0
